ingredients,freq
pinto_beans,203
chuck,204
pitted_kalamata_olives,204
vegetable_stock,204
bok_choy,205
broccoli_florets,205
fennel_bulb,205
tabasco_pepper_sauce,205
baking_potatoes,206
cannellini_beans,206
saffron,209
thyme_sprigs,209
bacon_slices,212
cilantro_sprigs,215
wheat_flour,216
cashew_nuts,218
rum,218
shiitake_mushrooms,218
yukon_g_potatoes,218
lemon_peel,221
rice_wine,221
tortillas,222
thai_chile,223
arugula,224
cauliflower,224
bananas,225
lemon_wedge,225
margarine,225
coconut_oil,227
fresh_chives,227
partskim_mozzarella_cheese,227
roma_tomatoes,227
grape_tomatoes,228
noodles,228
pork_tenderloin,229
shortening,229
tarragon,229
marinara_sauce,233
cardamom_pods,234
strawberries,234
monterey_jack,235
garlic_salt,240
napa_cabbage,241
broccoli,243
yeast,243
yoghurt,248
linguine,250
vegetables,251
pork_shoulder,252
chinese_fivespice,253
peanut_butter,256
brown_rice,257
beer,258
flank_steak,258
star_anise,259
corn_syrup,262
shaoxing_wine,264
lentils,265
russet_potatoes,266
apple_cider_vinegar,268
feta_cheese,268
grits,270
greek_yogurt,271
andouille_sausage,275
refried_beans,275
melted_butter,276
long_grain_rice,277
saffron_threads,277
pasta_sauce,278
peaches,278
walnuts,278
asparagus,279
lasagna_noodles,280
garlic_paste,282
curry_paste,283
mango,284
potato,284
prosciutto,284
creole,287
kidney_beans,290
pineapple,290
peppers,292
radishes,293
arborio_rice,294
okra,294
sage,294
sriracha,298
serrano_chile,299
lamb,300
hot_pepper_sauce,306
ghee,307
romaine_lettuce,311
fresh_mint,317
tomatillos,322
baguette,323
basmati_rice,326
tomato,326
rice_noodles,327
chives,331
shiitake,331
sweet_onion,336
turkey,338
chile_pepper,340
corn_meal,341
vegetable_oil_spray,344
sake,345
chiles,347
chicken_thigh,348
cider_vinegar,348
mustard_seeds,348
olives,348
pinenuts,348
fennel_seeds,352
spaghetti,352
longgrain_rice,353
dill,354
monterey_jack_cheese,355
hot_water,356
feta_cheese_crumbles,358
lemongrass,364
pasta,364
cocoa,368
coconut,375
fresh_thyme,375
active_yeast,377
cajun,379
sherry,381
low_salt_chicken_broth,385
sharp_cheddar_cheese,385
black_olives,390
coriander_seeds,395
confectioners_sugar,396
enchilada_sauce,397
ricotta_cheese,400
corn_kernels,404
spring_onions,407
cracked_black_pepper,408
parmigiano_cheese,409
ham,411
chickpeas,424
cardamom,426
hoisin_sauce,432
mustard,432
ketchup,434
chicken_thighs,435
cherry_tomatoes,436
leeks,440
cloves,447
black_peppercorns,453
beansprouts,454
sweet_potatoes,455
pecans,456
finely_onion,457
oyster_sauce,458
ginger_root,461
sauce,465
cayenne,470
free_chicken_broth,478
beef_broth,480
sausage,481
lime_wedges,482
vegetable_broth,490
taco,492
cornmeal,493
mirin,503
chile,507
eggplant,511
plain_yogurt,514
allspice,519
almonds,533
dijon_mustard,540
capers,541
lettuce,547
tofu,558
celery_ribs,567
warm_water,577
coarse_salt,578
fresh_ginger,582
balsamic_vinegar,587
clove,600
peanut_oil,610
beans,629
bread,636
chili_peppers,644
cinnamon_sticks,646
corn,667
hot_sauce,674
raisins,700
worcestershire_sauce,702
bread_crumbs,703
bacon,711
peanuts,713
rosemary,736
tumeric,763
cream_cheese,781
mayonaise,781
cheese,795
chicken_breast_halves,806
mint,836
bay_leaf,839
whipping_cream,841
vinegar,873
tomato_sauce,879
plum_tomatoes,892
flour_tortillas,896
peas,897
pork,901
cabbage,925
garam_masala,926
zucchini,929
chilies,932
cumin_seed,935
egg_whites,939
baking_soda,942
freshly_pepper,949
mozzarella_cheese,957
turmeric,961
salsa,970
buttermilk,972
corn_tortillas,998
cucumber,1036
curry,1038
black_beans,1047
nutmeg,1073
sesame_seeds,1079
flat_leaf_parsley,1094
egg_yolks,1117
wine_vinegar,1121
chicken_stock,1137
orange,1153
potatoes,1166
tomato_paste,1168
bay,1205
rice_vinegar,1215
canola_oil,1223
mushrooms,1228
pepper_flakes,1229
sea_salt,1231
avocado,1243
coconut_milk,1280
spinach,1286
honey,1317
rice,1344
celery,1354
fish_sauce,1405
cheddar_cheese,1408
shallots,1500
spray,1503
chicken,1522
cayenne_pepper,1662
beef,1688
paprika,1692
cilantro_fresh,1698
coriander,1717
jalapeno_chilies,1730
baking,1756
corn_starch,1757
vanilla,1783
thyme,1835
scallions,1891
cream,1896
purple_onion,1896
sour_cream,1899
cinnamon,1927
chicken_breasts,2083
shrimp,2104
wine,2236
chicken_broth,2301
sesame_oil,2329
brown_sugar,2412
oil,2464
chili,2476
oregano,2698
parsley,2760
basil,2774
un_butter,2784
parmesan_cheese,2824
kosher_salt,3113
carrots,3145
bell_pepper,3510
cumin,3702
onion,3885
cilantro,3912
lime,3937
milk,3980
ginger,4164
vegetable_oil,4385
soy_sauce,4534
lemon,4713
butter,5001
tomatoes,6049
flour,6207
eggs,6428
garlic_cloves,7109
black_pepper,7411
pepper,7661
water,8294
sugar,8890
olive_oil,10732
garlic,10836
onions,11776
salt,18407
